CHR	POS	ID	REF	ALT	A1	Lassosum	FREQ	CandT	P
2	27508073	rs1260326	T	C	C	0.03669449	0.2	0.02	0.0001
2	27519736	rs780093	T	C	C	0.001817981	0.01	-0.006	1e-5
